{"EXP_PDF":[0.06780449401335109,0.05336855773689001,0.042006108833360443,0.03306278554536309,0.026023543203090346,0.02048299287771558,0.016122055092740957,0.01268958408398192,0.009987904352029533,0.007861426559379157,0.006187687163419209,0.0048702957590646915,0.0038333839695373984,0.003017236197731112,0.0023748506137770227,0.0018692323265902032,0.001471262853545482,0.0011580231913554684,0.0009114739140497506,0.0007174162850924741,0.000564674554238305,0.00044445234772323044,0.0003498260863961755,0.00027534625781630925,0.0002167235796348957,0.00017058198045712085,0.00013426417238813587,0.00010567861821490848,8.31790800864404e-05,6.546981291860242e-05,5.1530942625747345e-05,4.05597317224585e-05,3.192434979009753e-05,2.5127486456133918e-05,1.9777711363100055e-05,1.556693175200624e-05,1.2252649445766617e-05,9.643995414927965e-06,7.590737658399773e-06,5.974629364657237e-06,4.7025990952966e-06,3.7013908146171776e-06,2.913345085324212e-06,2.293078470034667e-06,1.804869905808418e-06,1.4206035333992064e-06,1.1181495090652388e-06,8.800895501303102e-07,6.92713818652116e-07,5.452313738761566e-07,4.291487235483824e-07,3.377806849483271e-07,2.658653862017092e-07,2.0926123585484764e-07,1.6470840923336657e-07,1.296411156197315e-07,1.0203983474405288e-07,8.031501290944541e-08,6.321552082894098e-08,4.975660127428439e-08,3.916315705232154e-08,3.0825113271904405e-08,2.426228322084195e-08,1.9096714483929607e-08,1.503092271907259e-08,1.1830759577877014e-08,9.31192813678204e-09,7.329369264399617e-09,5.768907687521064e-09,4.540676653963878e-09,3.5739425195607826e-09,2.8130312080191758e-09,2.2141219490744085e-09,1.7427236467899229e-09,1.3716885424266724e-09,1.0796487790191894e-09,8.497858296428391e-10,6.68861920927466e-10,5.264576716404041e-10,4.143720420572315e-10,3.2615003729295495e-10,2.567109650981326e-10,2.020558395411777e-10,1.5903707999805762e-10,1.251772424481405e-10,9.852634383825378e-11,7.754956284610217e-11,6.103884974656477e-11,4.8043355006107075e-11,3.7814669998311095e-11,2.9763726261402846e-11,2.342687113237501e-11,1.843916605847175e-11,1.451336983973192e-11,1.1423396450625485e-11,8.991294779171208e-12,7.077000448629719e-12,5.570269530694001e-12,4.38432961390945e-12,3.4508825932896187e-12],"FP":[0.32632139694657086,0.3734126167608441,0.45868405313390526,0.4944086954712474,0.7732360080462498,0.7818233721572131,0.8208841450798802,0.8320113234634371,0.8437731706805041,0.8539069036989037,0.8594118753122799,0.8648654553379616,0.8712360767207137,0.873349114412641,0.8746982680237055,0.8772109951785864,0.8835162452584263,0.8836960308437971,0.8837214081756744,0.8837426979075397,0.8838156200081719,0.8960668825611273,0.8979106357288394,0.9031209961313649,0.9044015603289112,0.9053513624812788,0.906325772742933,0.9101529611941611,0.9132690619224225,0.9164304075490809,0.916805916213276,0.9194144794267759,0.9231395736244042,0.9242033294471879,0.9248792028870985,0.9303156668604659,0.9330521454945254,0.9353610966833654,0.9358143165325118,0.9398078032173071,0.9407746934822628,0.9411188349179778,0.9415255626252339,0.942991066185327,0.9535196729957164,0.9539081899604637,0.9550233705708704,0.9580088214863268,0.9587665765284238,0.9588209548659316,0.9589149563079061,0.9613993708980682,0.9627953819551656,0.96323416751848,0.9642024218650593,0.964965777136235,0.9652654144700809,0.9654451542844918,0.9665883959000613,0.9698793793642035,0.9705041625423156,0.9719812754106887,0.9722759596755639,0.9737390381942568,0.9754511460925083,0.9761249021059829,0.9772501844778622,0.9774263665212101,0.9784462180980453,0.9793815269752042,0.979400708190453,0.9820135890186266,0.9827499142426475,0.9828181823374482,0.9828627081498462,0.9830108317292503,0.9840323394777793,0.984146948933463,0.9870151832800255,0.9872209045927768,0.9874717032549212,0.9884439224791262,0.9925280703661701,0.9930209392869814,0.9943784324236716,0.9949603120104191,0.9953677090655342,0.995889761802345,0.9964105381896105,0.9980459939375387,0.9990372725286059,1.2048062675906057,1.2520309151611846,1.422849807774701,1.4673511458546762,1.52620544883431,1.5321150174744247,1.5326463128926044,1.5763963187192866,1.5814455709675872,1.5854736501285605,1.6353656560166088,1.6409480032534944,1.659727232106973,1.672549801961426,1.6887741723929068,1.7170216289767997,1.7222173383777433,1.735264909239845,1.735852715177396,1.7644566813653932,1.777657049345545,1.8046289923253898,1.8357811961361405,1.8606477622027,1.8773029503123284,1.8911638576378718,1.8939359470622132,1.9017325484844498,1.9227740069153316,1.9236921243635698,1.9333682377848107,1.9373579399977328,1.9418880618555772,1.95340528394045,1.9543443363530109,1.9543688400185983,1.9604478748778402,1.976682266503369,1.9783994501828308,1.9911244669027186,1.9918824435466782,1.9955222184661718,1.9965736488459704,2.2013573338988963,2.219937190313355,2.3696903252442616,2.577136832436306,2.579770654900616,2.6153087590730015,2.69405054244777,2.7179199037638133,2.723792556030137,2.7314409035040255,2.733301855540824,2.742429527121344,2.765833495160455,2.7782227583838495,2.8099096087175637,2.832093686266954,2.8433059966730396,2.8446472525433477,2.860417502615129,2.8699450382483267,2.8874611602734293,2.901103818510173,2.9049748648822495,2.917859045156792,2.9236838670829517,2.9331276635108163,2.9430607705084073,2.952709466988033,2.9557856821901414,2.9576179965779263,2.957641497226236,2.957905687797947,2.958498192635675,2.959756308641137,2.962605402263931,2.9629613203496743,2.96606810318164,2.9712362734727837,2.9713821442262396,2.97649472362256,2.9783486229827707,2.987054312042373,2.9871840714163533,2.987306633282121,2.990359496170904,2.995634906183501,2.996246363441011,3.089818442683451,3.098007596952401,3.1697823054643663,3.173725696255838,3.293638351689316,3.436140857529566,3.4696699795565706,3.601949155743278,3.626289928469856,3.6380191822982386,3.6530015928266746,3.6674319980353625,3.6934139690545114,3.7033597164175402,3.7301161977746076,3.773517121440933,3.804886981888372,3.8053939180643175,3.8252110747317007,3.863646663483695,3.9043762019482533,3.9050972008937146,3.9201924915394852,3.928081704413613,3.945074102093028,3.949864056205281,3.9529874609795854,3.961320409274045,3.961981854444509,3.966351280448383,3.9774617847284413,3.982217493639549,3.993655281934156,3.9942071897144857,3.995218939758071,3.9960323554721695,4.115184352634638,4.13329051974497,4.196075205786482,4.4672242915458105,4.694368210383723,4.721233724499426,4.727998370265421,4.736331275869976,4.779760934338634,4.801655724530034,4.848725968952242,4.859503008475728,4.869918977875921,4.888100275278467,4.89031099629106,4.922836728597862,4.9506735825444395,4.975155666704443,4.979095804664189,4.982281519554361,4.9950080335766165,5.603149729079724,5.630182467195557,5.710659520105208,5.719721733990918,5.7466484242717915,5.7750676165862185,5.789308495859,5.797977079559836,5.810790098394454,5.818433877228589,5.822346582182947,5.834846272483374,5.836977546484892,5.853784543398714,5.855839874587868,5.876694259756078,5.890739725563747,5.8952454209372185,5.904836236074016,5.956305315704412,5.961707074727485,5.983709749733364,5.989079657202424,6.139389448251728,6.426397207408939,6.440380059167776,6.506106052195881,6.59769489912351,6.643246144684569,6.648346081927924,6.679314787767512,6.680583579225458,6.699174809621262,6.701663288154044,6.720358703356101,6.745904160279489,6.764463809883369,6.77215841274029,6.779658224256762,6.826940850267135,6.866165859496032,6.893991261388538,6.925604378661,6.9748909270765145,7.458881820821821,7.616750884978928,7.6280287281098795,7.64937325012453,7.664000004855094,7.668331318289736,7.69864582717165,7.7384257884547605,7.74670669160844,7.751428725294082,7.76650544774876,7.832754100357725,7.906332079338336,7.964106436641193,7.982525608226366,8.039213810556113,8.242180760712785,8.321730185672108,8.341252200348656,8.3828358343633,8.404082912668965,8.413213340524319,8.465967155863591,8.482220339075859,8.503179962217388,8.539453961489787,8.547789517068054,8.570677095784093,8.641054793108529,8.730659416274579,8.754735971674124,