{
    "app_cnt_10": {
        "distributions": {
            "exponential": {
                "AD": 6.972020779467471,
                "lambda": 0.15120651315893388
            },
            "hazard": {
                "AD": 1.7020590860471998,
                "U": [
                    -0.2848333885538412,
                    1.061177265881804,
                    -1.4817454510767627
                ],
                "V": [
                    -4.800707563378155,
                    4.98016175367818
                ],
                "alpha": 0.1531906990396094,
                "pi": 0.0
            },
            "pareto": {
                "AD": 5.91674727826171,
                "lambda": 0.18379391515649143,
                "xi": 0.1744045317299821
            }
        },
        "fusion": {
            "average": 6.613471728885748,
            "fusion_max": 65.1336944329932,
            "kurtosis": 15.82711959595633,
            "percentiles": {
                "75": 7.789275634144395,
                "90": 14.327727856880433,
                "95": 20.963479078543116,
                "99": 47.936831816764304,
                "median": 3.7695206254867926
            },
            "skew": 3.4550770735668963,
            "variance": 70.58214741475692
        },
        "orbit": {
            "average": 6.935871743486974,
            "median": 4,
            "mode": 1,
            "orbit_max": 99,
            "zero_proportion": 0.07414829659318638
        }
    },
    "app_cnt_12": {
        "distributions": {
            "exponential": {
                "AD": 205.86557737706585,
                "lambda": 0.04181381177513567
            },
            "hazard": {
                "AD": 2.533905369268666,
                "U": [
                    -0.04224336275138436,
                    1.3665609056632284,
                    -2.428450633443914
                ],
                "V": [
                    -7.088030949732141,
                    7.538824730353553
                ],
                "alpha": -0.3960579485194785,
                "pi": 0.0034698864723677197
            },
            "pareto": {
                "AD": 8.665613705410124,
                "lambda": 0.22250182153371306,
                "xi": 0.9180209598968541
            }
        },
        "fusion": {
            "average": 23.915542677088435,
            "fusion_max": 1294.5109718521219,
            "kurtosis": 125.0857255210804,
            "percentiles": {
                "75": 9.909031531115641,
                "90": 36.845256078645214,
                "95": 152.2970381671779,
                "99": 289.5572323037001,
                "median": 3.942144152192947
            },
            "skew": 9.323165706520166,
            "variance": 6765.702147160524
        },
        "orbit": {
            "average": 26.88755020080321,
            "median": 4,
            "mode": 1,
            "orbit_max": 1543,
            "zero_proportion": 0.04819277108433735
        }
    },
    "app_cnt_6": {
        "distributions": {
            "exponential": {
                "AD": 96.61088277132842,
                "lambda": 0.05546920991435588
            },
            "hazard": {
                "AD": 2.7195269293383717,
                "U": [
                    -0.22152366895079828,
                    1.4491824274041798,
                    -2.1439459670202625
                ],
                "V": [
                    -8.090797730372046,
                    8.205717061507825
                ],
                "alpha": -0.24587324528249832,
                "pi": 6.818264323854558e-05
            },
            "pareto": {
                "AD": 5.923616178669533,
                "lambda": 0.1695384062152184,
                "xi": 0.6680353509974122
            }
        },
        "fusion": {
            "average": 18.02801953631562,
            "fusion_max": 639.908830383765,
            "kurtosis": 59.171906081009986,
            "percentiles": {
                "75": 11.918735292573409,
                "90": 27.49805584224131,
                "95": 85.23828308632329,
                "99": 280.92715097070044,
                "median": 5.405097196374463
            },
            "skew": 6.949769829130414,
            "variance": 2893.1326160865633
        },
        "orbit": {
            "average": 19.5250501002004,
            "median": 5,
            "mode": 1,
            "orbit_max": 691,
            "zero_proportion": 0.04408817635270541
        }
    },
    "app_cnt_8": {
        "distributions": {
            "exponential": {
                "AD": 85.6353884483957,
                "lambda": 0.09123720039554072
            },
            "hazard": {
                "AD": 4.7859189522562815,
                "U": [
                    -0.43806501678392995,
                    2.079391079629918,
                    -2.5773280699166197
                ],
                "V": [
                    -6.669871056267865,
                    6.633920128814969
                ],
                "alpha": -0.3166303102168359,
                "pi": 7.02396625248738e-05
            },
            "pareto": {
                "AD": 13.186086359415754,
                "lambda": 0.23827435786817455,
                "xi": 0.5078844017939499
            }
        },
        "fusion": {
            "average": 10.960441526753332,
            "fusion_max": 647.2097898884161,
            "kurtosis": 131.77184145331776,
            "percentiles": {
                "75": 7.647440119714753,
                "90": 13.82330469907976,
                "95": 22.442691343371045,
                "99": 223.5896029781692,
                "median": 3.3621174200483823
            },
            "skew": 10.311821820887854,
            "variance": 1734.9690561962036
        },
        "orbit": {
            "average": 12.306,
            "median": 3,
            "mode": 1,
            "orbit_max": 933,
            "zero_proportion": 0.052
        }
    }
}
